"Tabela 5938 - Produto interno bruto a preços correntes, impostos, líquidos de subsídios, sobre produtos a preços correntes e valor adicionado bruto a preços correntes total e por atividade econômica, e respectivas participações - Referência 2010"
"Variável - Produto Interno Bruto a preços correntes (Mil Reais)"
"Município";"Ano"
"Município";"2023"
"Abadia dos Dourados (MG)";"190397"
"Abaeté (MG)";"641971"
"Abre Campo (MG)";"331512"
"Acaiaca (MG)";"85066"
"Açucena (MG)";"172094"
"Água Boa (MG)";"235422"
"Água Comprida (MG)";"330940"
"Aguanil (MG)";"111494"
"Águas Formosas (MG)";"362826"
"Águas Vermelhas (MG)";"278390"
"Aimorés (MG)";"793376"
"Aiuruoca (MG)";"154422"
"Alagoa (MG)";"63840"
"Albertina (MG)";"90906"
"Além Paraíba (MG)";"1045759"
"Alfenas (MG)";"3669899"
"Alfredo Vasconcelos (MG)";"176964"
"Almenara (MG)";"813917"
"Alpercata (MG)";"112973"
"Alpinópolis (MG)";"618618"
"Alterosa (MG)";"332256"
"Alto Caparaó (MG)";"131678"
"Alto Rio Doce (MG)";"222897"
"Alvarenga (MG)";"64939"
"Alvinópolis (MG)";"402513"
"Alvorada de Minas (MG)";"95009"
"Amparo do Serra (MG)";"71597"
"Andradas (MG)";"1483245"
"Cachoeira de Pajeú (MG)";"146445"
"Andrelândia (MG)";"340782"
"Angelândia (MG)";"193853"
"Antônio Carlos (MG)";"412676"
"Antônio Dias (MG)";"535451"
"Antônio Prado de Minas (MG)";"35792"
"Araçaí (MG)";"75709"
"Aracitaba (MG)";"40166"
"Araçuaí (MG)";"1081893"
"Araguari (MG)";"6858534"
"Arantina (MG)";"77723"
"Araponga (MG)";"143377"
"Araporã (MG)";"1209045"
"Arapuá (MG)";"249487"
"Araújos (MG)";"464947"
"Araxá (MG)";"8847240"
"Arceburgo (MG)";"460319"
"Arcos (MG)";"3058033"
"Areado (MG)";"380056"
"Argirita (MG)";"51372"
"Aricanduva (MG)";"86410"
"Arinos (MG)";"544568"
"Astolfo Dutra (MG)";"453516"
"Ataléia (MG)";"259696"
"Augusto de Lima (MG)";"113862"
"Baependi (MG)";"451940"
"Baldim (MG)";"132125"
"Bambuí (MG)";"861016"
"Bandeira (MG)";"66317"
"Bandeira do Sul (MG)";"113862"
"Barão de Cocais (MG)";"1547170"
"Barão do Monte Alto (MG)";"73841"
"Barbacena (MG)";"4108617"
"Barra Longa (MG)";"101736"
"Barroso (MG)";"801810"
"Bela Vista de Minas (MG)";"407734"
"Belmiro Braga (MG)";"79258"
"Belo Horizonte (MG)";"130197671"
"Belo Oriente (MG)";"2329754"
"Belo Vale (MG)";"268616"
"Berilo (MG)";"139373"
"Bertópolis (MG)";"62780"
"Berizal (MG)";"70041"
"Betim (MG)";"52614325"
"Bias Fortes (MG)";"51305"
"Bicas (MG)";"357491"
"Biquinhas (MG)";"75634"
"Boa Esperança (MG)";"1413664"
"Bocaina de Minas (MG)";"105938"
"Bocaiúva (MG)";"1435951"
"Bom Despacho (MG)";"2193212"
"Bom Jardim de Minas (MG)";"152445"
"Bom Jesus da Penha (MG)";"203053"
"Bom Jesus do Amparo (MG)";"178433"
"Bom Jesus do Galho (MG)";"221368"
"Bom Repouso (MG)";"209757"
"Bom Sucesso (MG)";"468363"
"Bonfim (MG)";"142868"
"Bonfinópolis de Minas (MG)";"473316"
"Bonito de Minas (MG)";"127474"
"Borda da Mata (MG)";"465206"
"Botelhos (MG)";"346227"
"Botumirim (MG)";"85707"
"Brasilândia de Minas (MG)";"466969"
"Brasília de Minas (MG)";"510728"
"Brás Pires (MG)";"60376"
"Braúnas (MG)";"224250"
"Brazópolis (MG)";"277926"
"Brumadinho (MG)";"2845330"
"Bueno Brandão (MG)";"256721"
"Buenópolis (MG)";"191748"
"Bugre (MG)";"56472"
"Buritis (MG)";"1446139"
"Buritizeiro (MG)";"852046"
"Cabeceira Grande (MG)";"529789"
"Cabo Verde (MG)";"320280"
"Cachoeira da Prata (MG)";"68105"
"Cachoeira de Minas (MG)";"609745"
"Cachoeira Dourada (MG)";"156900"
"Caetanópolis (MG)";"361894"
"Caeté (MG)";"1004131"
"Caiana (MG)";"103764"
"Cajuri (MG)";"128296"
"Caldas (MG)";"372574"
"Camacho (MG)";"89251"
"Camanducaia (MG)";"1318310"
"Cambuí (MG)";"2451443"
"Cambuquira (MG)";"455159"
"Campanário (MG)";"61167"
"Campanha (MG)";"561947"
"Campestre (MG)";"564549"
"Campina Verde (MG)";"677668"
"Campo Azul (MG)";"52497"
"Campo Belo (MG)";"1458096"
"Campo do Meio (MG)";"244375"
"Campo Florido (MG)";"1054872"
"Campos Altos (MG)";"524859"
"Campos Gerais (MG)";"841150"
"Canaã (MG)";"102039"
"Canápolis (MG)";"937761"
"Cana Verde (MG)";"95423"
"Candeias (MG)";"442692"
"Cantagalo (MG)";"63289"
"Caparaó (MG)";"129596"
"Capela Nova (MG)";"70184"
"Capelinha (MG)";"1111827"
"Capetinga (MG)";"233338"
"Capim Branco (MG)";"179521"
"Capinópolis (MG)";"861974"
"Capitão Andrade (MG)";"71144"
"Capitão Enéas (MG)";"580398"
"Capitólio (MG)";"443829"
"Caputira (MG)";"196872"
"Caraí (MG)";"273823"
"Caranaíba (MG)";"49306"
"Carandaí (MG)";"883369"
"Carangola (MG)";"780303"
"Caratinga (MG)";"2871549"
"Carbonita (MG)";"199922"
"Careaçu (MG)";"199576"
"Carlos Chagas (MG)";"629832"
"Carmésia (MG)";"45529"
"Carmo da Cachoeira (MG)";"367738"
"Carmo da Mata (MG)";"315082"
"Carmo de Minas (MG)";"330268"
"Carmo do Cajuru (MG)";"779793"
"Carmo do Paranaíba (MG)";"1195269"
"Carmo do Rio Claro (MG)";"843687"
"Carmópolis de Minas (MG)";"541381"
"Carneirinho (MG)";"684512"
"Carrancas (MG)";"174307"
"Carvalhópolis (MG)";"86224"
"Carvalhos (MG)";"103816"
"Casa Grande (MG)";"81954"
"Cascalho Rico (MG)";"101297"
"Cássia (MG)";"519892"
"Conceição da Barra de Minas (MG)";"87501"
"Cataguases (MG)";"2139616"
"Catas Altas (MG)";"1779684"
"Catas Altas da Noruega (MG)";"51640"
"Catuji (MG)";"109880"
"Catuti (MG)";"70828"
"Caxambu (MG)";"464911"
"Cedro do Abaeté (MG)";"27975"
"Central de Minas (MG)";"100034"
"Centralina (MG)";"448883"
"Chácara (MG)";"62304"
"Chalé (MG)";"139736"
"Chapada do Norte (MG)";"121416"
"Chapada Gaúcha (MG)";"581137"
"Chiador (MG)";"47110"
"Cipotânea (MG)";"80891"
"Claraval (MG)";"261983"
"Claro dos Poções (MG)";"113053"
"Cláudio (MG)";"1426310"
"Coimbra (MG)";"149609"
"Coluna (MG)";"134748"
"Comendador Gomes (MG)";"225390"
"Comercinho (MG)";"84176"
"Conceição da Aparecida (MG)";"325806"
"Conceição das Pedras (MG)";"78790"
"Conceição das Alagoas (MG)";"1782238"
"Conceição de Ipanema (MG)";"91447"
"Conceição do Mato Dentro (MG)";"3194401"
"Conceição do Pará (MG)";"313543"
"Conceição do Rio Verde (MG)";"352054"
"Conceição dos Ouros (MG)";"308533"
"Cônego Marinho (MG)";"78705"
"Confins (MG)";"1617017"
"Congonhal (MG)";"274057"
"Congonhas (MG)";"7693794"
"Congonhas do Norte (MG)";"63889"
"Conquista (MG)";"671619"
"Conselheiro Lafaiete (MG)";"3482648"
"Conselheiro Pena (MG)";"500871"
"Consolação (MG)";"36259"
"Contagem (MG)";"45092393"
"Coqueiral (MG)";"279820"
"Coração de Jesus (MG)";"357956"
"Cordisburgo (MG)";"164132"
"Cordislândia (MG)";"131187"
"Corinto (MG)";"546844"
"Coroaci (MG)";"160041"
"Coromandel (MG)";"2051785"
"Coronel Fabriciano (MG)";"2387846"
"Coronel Murta (MG)";"116044"
"Coronel Pacheco (MG)";"72440"
"Coronel Xavier Chaves (MG)";"89841"
"Córrego Danta (MG)";"181310"
"Córrego do Bom Jesus (MG)";"65483"
"Córrego Fundo (MG)";"508108"
"Córrego Novo (MG)";"63742"
"Couto de Magalhães de Minas (MG)";"76758"
"Crisólita (MG)";"92302"
"Cristais (MG)";"343069"
"Cristália (MG)";"74447"
"Cristiano Otoni (MG)";"168668"
"Cristina (MG)";"316773"
"Crucilândia (MG)";"100692"
"Cruzeiro da Fortaleza (MG)";"183246"
"Cruzília (MG)";"421201"
"Cuparaque (MG)";"83623"
"Curral de Dentro (MG)";"94747"
"Curvelo (MG)";"2706326"
"Datas (MG)";"88055"
"Delfim Moreira (MG)";"141824"
"Delfinópolis (MG)";"355640"
"Delta (MG)";"708459"
"Descoberto (MG)";"116298"
"Desterro de Entre Rios (MG)";"249745"
"Desterro do Melo (MG)";"62041"
"Diamantina (MG)";"1201221"
"Diogo de Vasconcelos (MG)";"55355"
"Dionísio (MG)";"104803"
"Divinésia (MG)";"87003"
"Divino (MG)";"442810"
"Divino das Laranjeiras (MG)";"70321"
"Divinolândia de Minas (MG)";"91614"
"Divinópolis (MG)";"9339332"
"Divisa Alegre (MG)";"216686"
"Divisa Nova (MG)";"157089"
"Divisópolis (MG)";"118503"
"Dom Bosco (MG)";"85437"
"Dom Cavati (MG)";"85391"
"Dom Joaquim (MG)";"81864"
"Dom Silvério (MG)";"128826"
"Dom Viçoso (MG)";"50704"
"Dona Euzébia (MG)";"126627"
"Dores de Campos (MG)";"485977"
"Dores de Guanhães (MG)";"190470"
"Dores do Indaiá (MG)";"398845"
"Dores do Turvo (MG)";"76798"
"Doresópolis (MG)";"134727"
"Douradoquara (MG)";"88741"
"Durandé (MG)";"154213"
"Elói Mendes (MG)";"948342"
"Engenheiro Caldas (MG)";"188885"
"Engenheiro Navarro (MG)";"116459"
"Entre Folhas (MG)";"82275"
"Entre Rios de Minas (MG)";"417307"
"Ervália (MG)";"576909"
"Esmeraldas (MG)";"1314691"
"Espera Feliz (MG)";"570799"
"Espinosa (MG)";"472197"
"Espírito Santo do Dourado (MG)";"151056"
"Estiva (MG)";"572584"
"Estrela Dalva (MG)";"51736"
"Estrela do Indaiá (MG)";"163896"
"Estrela do Sul (MG)";"458303"
"Eugenópolis (MG)";"243155"
"Ewbank da Câmara (MG)";"71576"
"Extrema (MG)";"20204999"
"Fama (MG)";"68126"
"Faria Lemos (MG)";"79466"
"Felício dos Santos (MG)";"90314"
"São Gonçalo do Rio Preto (MG)";"59522"
"Felisburgo (MG)";"91368"
"Felixlândia (MG)";"315867"
"Fernandes Tourinho (MG)";"55720"
"Ferros (MG)";"163549"
"Fervedouro (MG)";"184762"
"Florestal (MG)";"182909"
"Formiga (MG)";"2969264"
"Formoso (MG)";"536208"
"Fortaleza de Minas (MG)";"98575"
"Fortuna de Minas (MG)";"70961"
"Francisco Badaró (MG)";"91212"
"Francisco Dumont (MG)";"106412"
"Francisco Sá (MG)";"532918"
"Franciscópolis (MG)";"95098"
"Frei Gaspar (MG)";"91083"
"Frei Inocêncio (MG)";"173509"
"Frei Lagonegro (MG)";"50933"
"Fronteira (MG)";"1090434"
"Fronteira dos Vales (MG)";"57796"
"Fruta de Leite (MG)";"57437"
"Frutal (MG)";"4026769"
"Funilândia (MG)";"111148"
"Galiléia (MG)";"126802"
"Gameleiras (MG)";"74869"
"Glaucilândia (MG)";"55390"
"Goiabeira (MG)";"57042"
"Goianá (MG)";"104454"
"Gonçalves (MG)";"124200"
"Gonzaga (MG)";"92850"
"Gouveia (MG)";"205957"
"Governador Valadares (MG)";"8612266"
"Grão Mogol (MG)";"817459"
"Grupiara (MG)";"51558"
"Guanhães (MG)";"1284432"
"Guapé (MG)";"499822"
"Guaraciaba (MG)";"132454"
"Guaraciama (MG)";"83745"
"Guaranésia (MG)";"811249"
"Guarani (MG)";"226180"
"Guarará (MG)";"72283"
"Guarda-Mor (MG)";"889875"
"Guaxupé (MG)";"2431560"
"Guidoval (MG)";"134343"
"Guimarânia (MG)";"359324"
"Guiricema (MG)";"135880"
"Gurinhatã (MG)";"238368"
"Heliodora (MG)";"156943"
"Iapu (MG)";"206569"
"Ibertioga (MG)";"120875"
"Ibiá (MG)";"1701475"
"Ibiaí (MG)";"123724"
"Ibiracatu (MG)";"62188"
"Ibiraci (MG)";"895829"
"Ibirité (MG)";"3235632"
"Ibitiúra de Minas (MG)";"75924"
"Ibituruna (MG)";"72846"
"Icaraí de Minas (MG)";"126584"
"Igarapé (MG)";"1401824"
"Igaratinga (MG)";"831527"
"Iguatama (MG)";"569669"
"Ijaci (MG)";"601865"
"Ilicínea (MG)";"314565"
"Imbé de Minas (MG)";"129945"
"Inconfidentes (MG)";"175313"
"Indaiabira (MG)";"96825"
"Indianópolis (MG)";"2150117"
"Ingaí (MG)";"163203"
"Inhapim (MG)";"543260"
"Inhaúma (MG)";"157760"
"Inimutaba (MG)";"109322"
"Ipaba (MG)";"225485"
"Ipanema (MG)";"423411"
"Ipatinga (MG)";"16870239"
"Ipiaçu (MG)";"230521"
"Ipuiúna (MG)";"223413"
"Iraí de Minas (MG)";"455214"
"Itabira (MG)";"7434200"
"Itabirinha (MG)";"182487"
"Itabirito (MG)";"7160444"
"Itacambira (MG)";"72423"
"Itacarambi (MG)";"292850"
"Itaguara (MG)";"466010"
"Itaipé (MG)";"143639"
"Itajubá (MG)";"4497959"
"Itamarandiba (MG)";"669900"
"Itamarati de Minas (MG)";"73660"
"Itambacuri (MG)";"415055"
"Itambé do Mato Dentro (MG)";"43138"
"Itamogi (MG)";"348467"
"Itamonte (MG)";"1087903"
"Itanhandu (MG)";"649276"
"Itanhomi (MG)";"178778"
"Itaobim (MG)";"375952"
"Itapagipe (MG)";"714872"
"Itapecerica (MG)";"665952"
"Itapeva (MG)";"1698907"
"Itatiaiuçu (MG)";"2434575"
"Itaú de Minas (MG)";"899163"
"Itaúna (MG)";"4975969"
"Itaverava (MG)";"83986"
"Itinga (MG)";"283613"
"Itueta (MG)";"163923"
"Ituiutaba (MG)";"4975265"
"Itumirim (MG)";"110967"
"Iturama (MG)";"2864935"
"Itutinga (MG)";"221742"
"Jaboticatubas (MG)";"373789"
"Jacinto (MG)";"159690"
"Jacuí (MG)";"186299"
"Jacutinga (MG)";"1708890"
"Jaguaraçu (MG)";"157329"
"Jaíba (MG)";"969914"
"Jampruca (MG)";"84853"
"Janaúba (MG)";"1965161"
"Januária (MG)";"1040489"
"Japaraíba (MG)";"126375"
"Japonvar (MG)";"100136"
"Jeceaba (MG)";"1689755"
"Jenipapo de Minas (MG)";"87874"
"Jequeri (MG)";"245642"
"Jequitaí (MG)";"157284"
"Jequitibá (MG)";"161753"
"Jequitinhonha (MG)";"383948"
"Jesuânia (MG)";"113093"
"Joaíma (MG)";"211126"
"Joanésia (MG)";"120064"
"João Monlevade (MG)";"4286349"
"João Pinheiro (MG)";"2562732"
"Joaquim Felício (MG)";"83620"
"Jordânia (MG)";"129429"
"José Gonçalves de Minas (MG)";"62251"
"José Raydan (MG)";"113810"
"Josenópolis (MG)";"59635"
"Nova União (MG)";"147089"
"Juatuba (MG)";"2124349"
"Juiz de Fora (MG)";"23271627"
"Juramento (MG)";"63719"
"Juruaia (MG)";"303328"
"Juvenília (MG)";"89871"
"Ladainha (MG)";"168094"
"Lagamar (MG)";"265409"
"Lagoa da Prata (MG)";"2471545"
"Lagoa dos Patos (MG)";"65868"
"Lagoa Dourada (MG)";"376999"
"Lagoa Formosa (MG)";"713683"
"Lagoa Grande (MG)";"312254"
"Lagoa Santa (MG)";"2825380"
"Lajinha (MG)";"508139"
"Lambari (MG)";"538928"
"Lamim (MG)";"66918"
"Laranjal (MG)";"116195"
"Lassance (MG)";"231342"
"Lavras (MG)";"3916682"
"Leandro Ferreira (MG)";"67066"
"Leme do Prado (MG)";"73646"
"Leopoldina (MG)";"1344583"
"Liberdade (MG)";"117803"
"Lima Duarte (MG)";"432497"
"Limeira do Oeste (MG)";"775261"
"Lontra (MG)";"110763"
"Luisburgo (MG)";"155370"
"Luislândia (MG)";"82468"
"Luminárias (MG)";"166134"
"Luz (MG)";"863686"
"Machacalis (MG)";"136850"
"Machado (MG)";"1406358"
"Madre de Deus de Minas (MG)";"408511"
"Malacacheta (MG)";"272762"
"Mamonas (MG)";"79983"
"Manga (MG)";"315779"
"Manhuaçu (MG)";"3710638"
"Manhumirim (MG)";"587887"
"Mantena (MG)";"610897"
"Maravilhas (MG)";"243502"
"Mar de Espanha (MG)";"288911"
"Maria da Fé (MG)";"273430"
"Mariana (MG)";"4656946"
"Marilac (MG)";"75214"
"Mário Campos (MG)";"240477"
"Maripá de Minas (MG)";"111015"
"Marliéria (MG)";"67779"
"Marmelópolis (MG)";"61730"
"Martinho Campos (MG)";"584258"
"Martins Soares (MG)";"298805"
"Mata Verde (MG)";"112644"
"Materlândia (MG)";"76740"
"Mateus Leme (MG)";"1095994"
"Matias Barbosa (MG)";"879159"
"Matias Cardoso (MG)";"200579"
"Matipó (MG)";"482096"
"Mato Verde (MG)";"229089"
"Matozinhos (MG)";"1895426"
"Matutina (MG)";"128623"
"Medeiros (MG)";"273185"
"Medina (MG)";"330715"
"Mendes Pimentel (MG)";"98141"
"Mercês (MG)";"189388"
"Mesquita (MG)";"73562"
"Minas Novas (MG)";"412128"
"Minduri (MG)";"199019"
"Mirabela (MG)";"193762"
"Miradouro (MG)";"206069"
"Miraí (MG)";"368817"
"Miravânia (MG)";"57919"
"Moeda (MG)";"104132"
"Moema (MG)";"160124"
"Monjolos (MG)";"41815"
"Monsenhor Paulo (MG)";"280175"
"Montalvânia (MG)";"206964"
"Monte Alegre de Minas (MG)";"903721"
"Monte Azul (MG)";"325958"
"Monte Belo (MG)";"486081"
"Monte Carmelo (MG)";"1957161"
"Monte Formoso (MG)";"52678"
"Monte Santo de Minas (MG)";"632535"
"Montes Claros (MG)";"13326239"
"Monte Sião (MG)";"723678"
"Montezuma (MG)";"104692"
"Morada Nova de Minas (MG)";"570683"
"Morro da Garça (MG)";"62850"
"Morro do Pilar (MG)";"56083"
"Munhoz (MG)";"159929"
"Muriaé (MG)";"3211391"
"Mutum (MG)";"662869"
"Muzambinho (MG)";"742833"
"Nacip Raydan (MG)";"40636"
"Nanuque (MG)";"1074889"
"Naque (MG)";"108081"
"Natalândia (MG)";"92799"
"Natércia (MG)";"133965"
"Nazareno (MG)";"826959"
"Nepomuceno (MG)";"757417"
"Ninheira (MG)";"166816"
"Nova Belém (MG)";"133538"
"Nova Era (MG)";"480775"
"Nova Lima (MG)";"12447551"
"Nova Módica (MG)";"71916"
"Nova Ponte (MG)";"1581648"
"Nova Porteirinha (MG)";"158901"
"Nova Resende (MG)";"492956"
"Nova Serrana (MG)";"3936358"
"Novo Cruzeiro (MG)";"416700"
"Novo Oriente de Minas (MG)";"150989"
"Novorizonte (MG)";"92594"
"Olaria (MG)";"44676"
"Olhos-d'Água (MG)";"204857"
"Olímpio Noronha (MG)";"55156"
"Oliveira (MG)";"1463237"
"Oliveira Fortes (MG)";"44412"
"Onça de Pitangui (MG)";"82367"
"Oratórios (MG)";"84109"
"Orizânia (MG)";"146988"
"Ouro Branco (MG)";"4310767"
"Ouro Fino (MG)";"1223791"
"Ouro Preto (MG)";"6765810"
"Ouro Verde de Minas (MG)";"87363"
"Padre Carvalho (MG)";"68448"
"Padre Paraíso (MG)";"254681"
"Paineiras (MG)";"98947"
"Pains (MG)";"676496"
"Pai Pedro (MG)";"73623"
"Paiva (MG)";"33859"
"Palma (MG)";"114459"
"Palmópolis (MG)";"82988"
"Papagaios (MG)";"378421"
"Paracatu (MG)";"6798922"
"Pará de Minas (MG)";"5161430"
"Paraguaçu (MG)";"801200"
"Paraisópolis (MG)";"769516"
"Paraopeba (MG)";"1108133"
"Passabém (MG)";"30002"
"Passa Quatro (MG)";"739447"
"Passa Tempo (MG)";"310555"
"Passa Vinte (MG)";"47565"
"Passos (MG)";"4080106"
"Patis (MG)";"61642"
"Patos de Minas (MG)";"8151369"
"Patrocínio (MG)";"4895785"
"Patrocínio do Muriaé (MG)";"152118"
"Paula Cândido (MG)";"143373"
"Paulistas (MG)";"80481"
"Pavão (MG)";"111033"
"Peçanha (MG)";"293485"
"Pedra Azul (MG)";"428870"
"Pedra Bonita (MG)";"124988"
"Pedra do Anta (MG)";"65218"
"Pedra do Indaiá (MG)";"133810"
"Pedra Dourada (MG)";"65492"
"Pedralva (MG)";"221497"
"Pedras de Maria da Cruz (MG)";"132256"
"Pedrinópolis (MG)";"333527"
"Pedro Leopoldo (MG)";"2514377"
"Pedro Teixeira (MG)";"37357"
"Pequeri (MG)";"78666"
"Pequi (MG)";"103925"
"Perdigão (MG)";"378766"
"Perdizes (MG)";"2577884"
"Perdões (MG)";"811684"
"Periquito (MG)";"119988"
"Pescador (MG)";"57197"
"Piau (MG)";"114475"
"Piedade de Caratinga (MG)";"214395"
"Piedade de Ponte Nova (MG)";"76207"
"Piedade do Rio Grande (MG)";"135158"
"Piedade dos Gerais (MG)";"128442"
"Pimenta (MG)";"314466"
"Pingo-d'Água (MG)";"70142"
"Pintópolis (MG)";"94230"
"Piracema (MG)";"248565"
"Pirajuba (MG)";"639003"
"Piranga (MG)";"253176"
"Piranguçu (MG)";"118615"
"Piranguinho (MG)";"171573"
"Pirapetinga (MG)";"707928"
"Pirapora (MG)";"3361259"
"Piraúba (MG)";"246401"
"Pitangui (MG)";"702867"
"Piumhi (MG)";"1568574"
"Planura (MG)";"843201"
"Poço Fundo (MG)";"548879"
"Poços de Caldas (MG)";"10732908"
"Pocrane (MG)";"151974"
"Pompéu (MG)";"1229908"
"Ponte Nova (MG)";"2594059"
"Ponto Chique (MG)";"63931"
"Ponto dos Volantes (MG)";"149416"
"Porteirinha (MG)";"625525"
"Porto Firme (MG)";"151759"
"Poté (MG)";"213766"
"Pouso Alegre (MG)";"14201206"
"Pouso Alto (MG)";"542609"
"Prados (MG)";"257819"
"Prata (MG)";"1702675"
"Pratápolis (MG)";"249604"
"Pratinha (MG)";"230172"
"Presidente Bernardes (MG)";"80596"
"Presidente Juscelino (MG)";"62647"
"Presidente Kubitschek (MG)";"45373"
"Presidente Olegário (MG)";"904883"
"Alto Jequitibá (MG)";"160653"
"Prudente de Morais (MG)";"333022"
"Quartel Geral (MG)";"89894"
"Queluzito (MG)";"51169"
"Raposos (MG)";"232669"
"Raul Soares (MG)";"497923"
"Recreio (MG)";"152511"
"Reduto (MG)";"131257"
"Resende Costa (MG)";"243888"
"Resplendor (MG)";"376309"
"Ressaquinha (MG)";"507032"
"Riachinho (MG)";"187878"
"Riacho dos Machados (MG)";"301730"
"Ribeirão das Neves (MG)";"6336695"
"Ribeirão Vermelho (MG)";"132863"
"Rio Acima (MG)";"260362"
"Rio Casca (MG)";"277814"
"Rio Doce (MG)";"107641"
"Rio do Prado (MG)";"68107"
"Rio Espera (MG)";"75489"
"Rio Manso (MG)";"138279"
"Rio Novo (MG)";"143556"
"Rio Paranaíba (MG)";"1148101"
"Rio Pardo de Minas (MG)";"404312"
"Rio Piracicaba (MG)";"270261"
"Rio Pomba (MG)";"574081"
"Rio Preto (MG)";"82690"
"Rio Vermelho (MG)";"177450"
"Ritápolis (MG)";"124811"
"Rochedo de Minas (MG)";"187591"
"Rodeiro (MG)";"704898"
"Romaria (MG)";"288148"
"Rosário da Limeira (MG)";"90798"
"Rubelita (MG)";"85775"
"Rubim (MG)";"139214"
"Sabará (MG)";"3837192"
"Sabinópolis (MG)";"415038"
"Sacramento (MG)";"2387150"
"Salinas (MG)";"903694"
"Salto da Divisa (MG)";"118710"
"Santa Bárbara (MG)";"1019088"
"Santa Bárbara do Leste (MG)";"153222"
"Santa Bárbara do Monte Verde (MG)";"71438"
"Santa Bárbara do Tugúrio (MG)";"78007"
"Santa Cruz de Minas (MG)";"154995"
"Santa Cruz de Salinas (MG)";"59169"
"Santa Cruz do Escalvado (MG)";"90331"
"Santa Efigênia de Minas (MG)";"58652"
"Santa Fé de Minas (MG)";"70867"
"Santa Helena de Minas (MG)";"69029"
"Santa Juliana (MG)";"912073"
"Santa Luzia (MG)";"6608097"
"Santa Margarida (MG)";"497578"
"Santa Maria de Itabira (MG)";"327050"
"Santa Maria do Salto (MG)";"60852"
"Santa Maria do Suaçuí (MG)";"223266"
"Santana da Vargem (MG)";"258303"
"Santana de Cataguases (MG)";"61153"
"Santana de Pirapama (MG)";"135533"
"Santana do Deserto (MG)";"84574"
"Santana do Garambéu (MG)";"48322"
"Santana do Jacaré (MG)";"129242"
"Santana do Manhuaçu (MG)";"227887"
"Santana do Paraíso (MG)";"1250978"
"Santana do Riacho (MG)";"139841"
"Santana dos Montes (MG)";"64537"
"Santa Rita de Caldas (MG)";"249061"
"Santa Rita de Jacutinga (MG)";"87242"
"Santa Rita de Minas (MG)";"208456"
"Santa Rita de Ibitipoca (MG)";"72264"
"Santa Rita do Itueto (MG)";"233545"
"Santa Rita do Sapucaí (MG)";"2514298"
"Santa Rosa da Serra (MG)";"119336"
"Santa Vitória (MG)";"1006615"
"Santo Antônio do Amparo (MG)";"477372"
"Santo Antônio do Aventureiro (MG)";"79245"
"Santo Antônio do Grama (MG)";"102566"
"Santo Antônio do Itambé (MG)";"59343"
"Santo Antônio do Jacinto (MG)";"131044"
"Santo Antônio do Monte (MG)";"942155"
"Santo Antônio do Retiro (MG)";"84684"
"Santo Antônio do Rio Abaixo (MG)";"38142"
"Santo Hipólito (MG)";"71685"
"Santos Dumont (MG)";"1259406"
"São Bento Abade (MG)";"96683"
"São Brás do Suaçuí (MG)";"100032"
"São Domingos das Dores (MG)";"120618"
"São Domingos do Prata (MG)";"402896"
"São Félix de Minas (MG)";"59108"
"São Francisco (MG)";"859289"
"São Francisco de Paula (MG)";"231806"
"São Francisco de Sales (MG)";"249352"
"São Francisco do Glória (MG)";"89843"
"São Geraldo (MG)";"351897"
"São Geraldo da Piedade (MG)";"53463"
"São Geraldo do Baixio (MG)";"56811"
"São Gonçalo do Abaeté (MG)";"376329"
"São Gonçalo do Pará (MG)";"380221"
"São Gonçalo do Rio Abaixo (MG)";"3766222"
"São Gonçalo do Sapucaí (MG)";"1189277"
"São Gotardo (MG)";"1555361"
"São João Batista do Glória (MG)";"294819"
"São João da Lagoa (MG)";"73610"
"São João da Mata (MG)";"65323"
"São João da Ponte (MG)";"358301"
"São João das Missões (MG)";"119038"
"São João del Rei (MG)";"3505346"
"São João do Manhuaçu (MG)";"245232"
"São João do Manteninha (MG)";"92757"
"São João do Oriente (MG)";"129881"
"São João do Pacuí (MG)";"52787"
"São João do Paraíso (MG)";"343637"
"São João Evangelista (MG)";"292736"
"São João Nepomuceno (MG)";"672478"
"São Joaquim de Bicas (MG)";"1065144"
"São José da Barra (MG)";"911245"
"São José da Lapa (MG)";"1026319"
"São José da Safira (MG)";"53062"
"São José da Varginha (MG)";"136884"
"São José do Alegre (MG)";"78981"
"São José do Divino (MG)";"60348"
"São José do Goiabal (MG)";"87323"
"São José do Jacuri (MG)";"157541"
"São José do Mantimento (MG)";"56992"
"São Lourenço (MG)";"1412020"
"São Miguel do Anta (MG)";"129740"
"São Pedro da União (MG)";"157484"
"São Pedro dos Ferros (MG)";"160626"
"São Pedro do Suaçuí (MG)";"117362"
"São Romão (MG)";"228105"
"São Roque de Minas (MG)";"424172"
"São Sebastião da Bela Vista (MG)";"718487"
"São Sebastião da Vargem Alegre (MG)";"64187"
"São Sebastião do Anta (MG)";"128460"
"São Sebastião do Maranhão (MG)";"126120"
"São Sebastião do Oeste (MG)";"882568"
"São Sebastião do Paraíso (MG)";"2834250"
"São Sebastião do Rio Preto (MG)";"31555"
"São Sebastião do Rio Verde (MG)";"48145"
"São Tiago (MG)";"280531"
"São Tomás de Aquino (MG)";"236784"
"São Tomé das Letras (MG)";"159506"
"São Vicente de Minas (MG)";"248336"
"Sapucaí-Mirim (MG)";"174274"
"Sardoá (MG)";"85294"
"Sarzedo (MG)";"1642522"
"Setubinha (MG)";"135060"
"Sem-Peixe (MG)";"41763"
"Senador Amaral (MG)";"115730"
"Senador Cortes (MG)";"48570"
"Senador Firmino (MG)";"142956"
"Senador José Bento (MG)";"43395"
"Senador Modestino Gonçalves (MG)";"92679"
"Senhora de Oliveira (MG)";"91128"
"Senhora do Porto (MG)";"56070"
"Senhora dos Remédios (MG)";"138814"
"Sericita (MG)";"156438"
"Seritinga (MG)";"54766"
"Serra Azul de Minas (MG)";"56049"
"Serra da Saudade (MG)";"25562"
"Serra dos Aimorés (MG)";"159079"
"Serra do Salitre (MG)";"898489"
"Serrania (MG)";"202565"
"Serranópolis de Minas (MG)";"61271"
"Serranos (MG)";"48320"
"Serro (MG)";"386923"
"Sete Lagoas (MG)";"14904465"
"Silveirânia (MG)";"45007"
"Silvianópolis (MG)";"178703"
"Simão Pereira (MG)";"116089"
"Simonésia (MG)";"371230"
"Sobrália (MG)";"82141"
"Soledade de Minas (MG)";"104147"
"Tabuleiro (MG)";"86585"
"Taiobeiras (MG)";"705373"
"Taparuba (MG)";"59981"
"Tapira (MG)";"631716"
"Tapiraí (MG)";"70281"
"Taquaraçu de Minas (MG)";"84703"
"Tarumirim (MG)";"236378"
"Teixeiras (MG)";"220040"
"Teófilo Otoni (MG)";"3540248"
"Timóteo (MG)";"4648992"
"Tiradentes (MG)";"297551"
"Tiros (MG)";"441044"
"Tocantins (MG)";"450784"
"Tocos do Moji (MG)";"82673"
"Toledo (MG)";"125618"
"Tombos (MG)";"168052"
"Três Corações (MG)";"3568710"
"Três Marias (MG)";"2582531"
"Três Pontas (MG)";"2288500"
"Tumiritinga (MG)";"94510"
"Tupaciguara (MG)";"1400211"
"Turmalina (MG)";"486869"
"Turvolândia (MG)";"158832"
"Ubá (MG)";"4462212"
"Ubaí (MG)";"142057"
"Ubaporanga (MG)";"227184"
"Uberaba (MG)";"23689377"
"Uberlândia (MG)";"51065684"
"Umburatiba (MG)";"54271"
"Unaí (MG)";"5221529"
"União de Minas (MG)";"187679"
"Uruana de Minas (MG)";"96142"
"Urucânia (MG)";"356137"
"Urucuia (MG)";"230887"
"Vargem Alegre (MG)";"86774"
"Vargem Bonita (MG)";"92402"
"Vargem Grande do Rio Pardo (MG)";"77007"
"Varginha (MG)";"10068568"
"Varjão de Minas (MG)";"361878"
"Várzea da Palma (MG)";"1351754"
"Varzelândia (MG)";"235098"
"Vazante (MG)";"1203159"
"Verdelândia (MG)";"136751"
"Veredinha (MG)";"114943"
"Veríssimo (MG)";"306968"
"Vermelho Novo (MG)";"87809"
"Vespasiano (MG)";"3619031"
"Viçosa (MG)";"2234764"
"Vieiras (MG)";"69385"
"Mathias Lobato (MG)";"58002"
"Virgem da Lapa (MG)";"162588"
"Virgínia (MG)";"238863"
"Virginópolis (MG)";"210992"
"Virgolândia (MG)";"67748"
"Visconde do Rio Branco (MG)";"2052278"
"Volta Grande (MG)";"146386"
"Wenceslau Braz (MG)";"43767"
"Fonte: IBGE, em parceria com os Órgãos Estaduais de Estatística, Secretarias Estaduais de Governo e Superintendência da Zona Franca de Manaus - SUFRAMA"

"Notas"
"1 - Os dados de 2022 e 2023 estarão sujeitos a revisão na próxima publicação."
"2 - Para os anos de 2022 e 2023 foram divulgados apenas o Produto Interno Bruto e o Produto Interno Bruto per capita, conforme a nota técnica 02/2024 do Sistema de Contas Nacionais, que pode ser acessada em https://biblioteca.ibge.gov.br/visualizacao/livros/liv102094.pdf."
"3 - Os dados da série retropolada (de 2002 a 2009) também têm como referência o ano de 2010, seguindo a nova referência das Contas Nacionais."
""
"Legenda"
"Símbolo";"Significado"
"-";"Zero absoluto, não resultante de um cálculo ou arredondamento.
Ex: Em determinado município não existem pessoas de 14 anos de idade sem instrução."
"0";"Zero resultante de um cálculo ou arredondamento.
Ex: A inflação do feijão em determinada Região Metropolitana foi 0.
Determinado município produziu 400 kg de sementes de girassol e os dados da tabela são expressos em toneladas."
"X";"Valor inibido para não identificar o informante.
Ex: Determinado município só possui uma empresa produtora de cimento, logo o valor de sua produção deve ser inibido."
"..";"Valor não se aplica.
Ex: Não se pode obter o total da produção agrícola em determinado município quando os produtos agrícolas são contabilizados com unidades de medida distintas."
"...";"Valor não disponível.
Ex: A produção de feijão em determinado município não foi pesquisada ou determinado município não existia no ano da pesquisa."
"A a Z
(exceto X)";"Significa uma faixa de valores. Varia em função da tabela (se for o caso).
Ex: O nível de precisão da produção estimada de combustíveis está na faixa A (95 a 100%)"
